Workbook

Sheet Dashboard
A1: PTCS 5 Qualifying — Full Tracker (KC Torrent / RTR1776)
A2: Period Jul 6 - Aug 2 (4 wks). Targets recalibrated off THIS period's actual week-1 128-gain x4, +10% for the usual late-month climb. Qualify = top 128.
A4: Category | B4: Wk1 (official) | C4: Wk1 rank | D4: Added (log) | E4: Total | F4: Target (safe) | G4: Likely | H4: Gap | I4: % there | J4: Need/wk | K4: Status
A5: Diamond | B5: 115 | C5: 6 | D5: =SUM('Daily Log'!C5:C34) | E5: =B5+D5 | F5: 84 | G5: 76 | H5: =MAX(0,F5-E5) | I5: =E5/F5 | J5: =ROUND(H5/3,0) | K5: =IF(E5>=F5,"CLEARED","+"&TEXT(H5,"0")&" to go")
A6: PDD (D.Draft) | B6: 129 | C6: 29 | D6: =SUM('Daily Log'!H5:H34) | E6: =B6+D6 | F6: 317 | G6: 288 | H6: =MAX(0,F6-E6) | I6: =E6/F6 | J6: =ROUND(H6/3,0) | K6: =IF(E6>=F6,"CLEARED","+"&TEXT(H6,"0")&" to go")
A7: Live | B7: 50 | C7: 79 | D7: =SUM('Daily Log'!D5:D34) | E7: =B7+D7 | F7: 154 | G7: 140 | H7: =MAX(0,F7-E7) | I7: =E7/F7 | J7: =ROUND(H7/3,0) | K7: =IF(E7>=F7,"CLEARED","+"&TEXT(H7,"0")&" to go")
A8: Cap | B8: 20 | C8: 197 | D8: =SUM('Daily Log'!E5:E34) | E8: =B8+D8 | F8: 158 | G8: 144 | H8: =MAX(0,F8-E8) | I8: =E8/F8 | J8: =ROUND(H8/3,0) | K8: =IF(E8>=F8,"CLEARED","+"&TEXT(H8,"0")&" to go")
A9: Gold | B9: 4 | C9: 388 | D9: =SUM('Daily Log'!F5:F34) | E9: =B9+D9 | F9: 97 | G9: 88 | H9: =MAX(0,F9-E9) | I9: =E9/F9 | J9: =ROUND(H9/3,0) | K9: =IF(E9>=F9,"CLEARED","+"&TEXT(H9,"0")&" to go")
A10: Silver | B10: 0 | C10: — | D10: =SUM('Daily Log'!G5:G34) | E10: =B10+D10 | F10: 119 | G10: 108 | H10: =MAX(0,F10-E10) | I10: =E10/F10 | J10: =ROUND(H10/3,0) | K10: =IF(E10>=F10,"CLEARED","+"&TEXT(H10,"0")&" to go")
A11: Open | B11: 1 | C11: 500 | D11: =SUM('Daily Log'!I5:I34) | E11: =B11+D11 | F11: 114 | G11: 104 | H11: =MAX(0,F11-E11) | I11: =E11/F11 | J11: =ROUND(H11/3,0) | K11: =IF(E11>=F11,"CLEARED","+"&TEXT(H11,"0")&" to go")
A12: Iron | B12: 0 | C12: — | D12: =SUM('Daily Log'!J5:J34) | E12: =B12+D12 | F12: 128 | G12: 116 | H12: =MAX(0,F12-E12) | I12: =E12/F12 | J12: =ROUND(H12/3,0) | K12: =IF(E12>=F12,"CLEARED","+"&TEXT(H12,"0")&" to go")
A13: W. Draft | B13: 0 | C13: 789 | D13: =SUM('Daily Log'!K5:K34) | E13: =B13+D13 | F13: 92 | G13: 84 | H13: =MAX(0,F13-E13) | I13: =E13/F13 | J13: =ROUND(H13/3,0) | K13: =IF(E13>=F13,"CLEARED","+"&TEXT(H13,"0")&" to go")
A14: Weekly (T) | B14: 7 | C14: 249 | D14: =SUM('Daily Log'!L5:L34) | E14: =B14+D14 | F14: 75 | G14: 68 | H14: =MAX(0,F14-E14) | I14: =E14/F14 | J14: =ROUND(H14/3,0) | K14: =IF(E14>=F14,"CLEARED","+"&TEXT(H14,"0")&" to go")
A16: Notes
A17: • Week 1 seeded from OFFICIAL standings (wk18 Jul 6-12) — ground truth. Daily Log now tracks weeks 2-4 only.
A18: • Actual wk1 128-gain: Diamond 19, PDD 72, Live 35, Cap 36, Gold 22, Silver 27, Open 26, Iron 29, W.Draft 21, Weekly 17.
A19: • Targets = wk1 gain x 4 wks, +10% buffer since cutoff pace tends to climb later in the month. 'Likely' = no buffer.
A20: • Greyed rows = tracked but not being chased. Diamond CLEARED (115 vs 84 safe) — you were 6th in week 1.
A21: • Cap is the lag. Fix = top-8 finishes in Diamond+Cap games (a 3rd/4th paid 10), or play the Gold+Cap / Silver+Cap variants to feed the new tiers AND Cap at once.

Sheet Daily Log
A1: PTCS 5 — Daily Log (weeks 2-4). Week 1 is locked from official standings.
A2: Enter points earned per day from Jul 13 onward. Week 1 totals live on the Dashboard.
A4: Date | B4: Day | C4: Diamond | D4: Live | E4: Cap | F4: Gold | G4: Silver | H4: PDD | I4: Open | J4: Iron | K4: W.Draft | L4: Weekly | M4: Notes
A5: Mon Jul 13 | B5: Mon | C5: 3 | D5: 0 | E5: 4 | F5: 7 | G5: 0 | H5: 26 | I5: 0 | J5: 0 | K5: 0 | L5: 0 | M5: wk2 start; Good Orderly 3rd/4th +10 PDD
A6: Tue Jul 14 | B6: Tue | C6: 0 | D6: 14 | E6: 0 | F6: 1 | G6: 0 | H6: 34 | I6: 0 | J6: 0 | K6: 0 | L6: 0 | M6: Laptophound 2nd +20 PDD; DontForget 3/4 +10 L
A7: Wed Jul 15 | B7: Wed | C7: 25 | D7: 6 | E7: 26 | F7: 3 | G7: 0 | H7: 21 | I7: 0 | J7: 0 | K7: 0 | L7: 0 | M7: Diamond Slots WINNER = +25 Cap (finally!)
A8: Thu Jul 16 | B8: Thu | C8: 6 | D8: 1 | E8: 4 | F8: 2 | G8: 0 | H8: 24 | I8: 0 | J8: 0 | K8: 0 | L8: 0 | M8: Busy 2nd +15; D&Friends 9-16 +3 Cap
A9: Fri Jul 17 | B9: Fri | C9: 0 | D9: 1 | E9: 0 | F9: 0 | G9: 0 | H9: 1 | I9: 0 | J9: 0 | K9: 0 | L9: 0 | M9: partial; more tonight
