Workbook

Sheet Dashboard
A1: PTCS 6 — All 10 Categories (Aug 3 – Sep 6)
A2: 5-week period. Targets = CWhit's Projected QP (read 2026-09-02). His current-128 column is the live cutoff as of the Aug 31 dump.
A4: Category | B4: Total | C4: Target (CWhit proj) | D4: Gap | E4: Per week | F4: Per day | G4: PTCS5 result | H4: Status
A5: Iron | B5: =SUM('Daily Log'!C5:C52) | C5: 127 | D5: =MAX(0,C5-B5) | E5: =ROUND(D5/5,1) | F5: =ROUND(D5/35,1) | G5: — | H5: =IF(B5>=C5,"QUALIFIED","+"&TEXT(D5,"0")&" to go")
A6: Bronze | B6: =SUM('Daily Log'!D5:D52) | C6: 133 | D6: =MAX(0,C6-B6) | E6: =ROUND(D6/5,1) | F6: =ROUND(D6/35,1) | G6: — | H6: =IF(B6>=C6,"QUALIFIED","+"&TEXT(D6,"0")&" to go")
A7: Silver | B7: =SUM('Daily Log'!E5:E52) | C7: 119 | D7: =MAX(0,C7-B7) | E7: =ROUND(D7/5,1) | F7: =ROUND(D7/35,1) | G7: 87 (missed 16) | H7: =IF(B7>=C7,"QUALIFIED","+"&TEXT(D7,"0")&" to go")
A8: Gold | B8: =SUM('Daily Log'!F5:F52) | C8: 114 | D8: =MAX(0,C8-B8) | E8: =ROUND(D8/5,1) | F8: =ROUND(D8/35,1) | G8: 119 ✅ | H8: =IF(B8>=C8,"QUALIFIED","+"&TEXT(D8,"0")&" to go")
A9: Diamond | B9: =SUM('Daily Log'!G5:G52) | C9: 99 | D9: =MAX(0,C9-B9) | E9: =ROUND(D9/5,1) | F9: =ROUND(D9/35,1) | G9: 283 ✅ | H9: =IF(B9>=C9,"QUALIFIED","+"&TEXT(D9,"0")&" to go")
A10: Open | B10: =SUM('Daily Log'!H5:H52) | C10: 120 | D10: =MAX(0,C10-B10) | E10: =ROUND(D10/5,1) | F10: =ROUND(D10/35,1) | G10: 14 (not chased) | H10: =IF(B10>=C10,"QUALIFIED","+"&TEXT(D10,"0")&" to go")
A11: Live | B11: =SUM('Daily Log'!I5:I52) | C11: 175 | D11: =MAX(0,C11-B11) | E11: =ROUND(D11/5,1) | F11: =ROUND(D11/35,1) | G11: 165 ✅ | H11: =IF(B11>=C11,"QUALIFIED","+"&TEXT(D11,"0")&" to go")
A12: Cap | B12: =SUM('Daily Log'!J5:J52) | C12: 161 | D12: =MAX(0,C12-B12) | E12: =ROUND(D12/5,1) | F12: =ROUND(D12/35,1) | G12: 171 ✅ | H12: =IF(B12>=C12,"QUALIFIED","+"&TEXT(D12,"0")&" to go")
A13: PD Daily | B13: =SUM('Daily Log'!K5:K52) | C13: 347 | D13: =MAX(0,C13-B13) | E13: =ROUND(D13/5,1) | F13: =ROUND(D13/35,1) | G13: 403 ✅ | H13: =IF(B13>=C13,"QUALIFIED","+"&TEXT(D13,"0")&" to go")
A14: PD Weekly | B14: =SUM('Daily Log'!L5:L52) | C14: 92 | D14: =MAX(0,C14-B14) | E14: =ROUND(D14/5,1) | F14: =ROUND(D14/35,1) | G14: 17 (not chased) | H14: =IF(B14>=C14,"QUALIFIED","+"&TEXT(D14,"0")&" to go")
A17: HOW TO COVER 10 CATEGORIES ON 4 TOURNEYS + 3 DRAFTS A DAY
A18: • FEASIBILITY: you need 1,523 pts over 35 days = 43.5/day across 10 categories.
A19: In PTCS 5 you produced 43.9/day across just 6. THE CAPACITY IS ALREADY THERE.
A20: This is a REDISTRIBUTION problem, not an effort problem.
A22: PTCS 5 OVERKILL — 418 points spent above the cutoff:
A23: Diamond 283 vs 81 needed = +202 wasted
A24: PD Daily 403 vs 267 needed = +136 wasted
A25: Gold/Cap/Live = +80 combined
A26: That Diamond surplus alone is roughly Iron + Bronze targets COMBINED.
A28: • THE RULE: once a category clears its target, STOP feeding it and move those entries to a laggard.
A29: Check the Gap column daily. Anything at 0 = redirect.
A31: • SLOTS: the 4-tournament cap is CONCURRENT, not daily. Events fire on fixed times all day and free
... A51: • Fields do NOT soften late in a period (verified across 6,175 tournaments) - no reason to wait.

Sheet Daily Log
A1: PTCS 6 — Daily Log (Aug 3 – Sep 6)
A2: All 10 categories. 5-week period. Enter points earned per day.
A4: Date | B4: Day | C4: Iron | D4: Bronze | E4: Silver | F4: Gold | G4: Diamond | H4: Open | I4: Live | J4: Cap | K4: PD Daily | L4: PD Weekly | M4: Notes
A5: Mon Aug 3 | B5: Mon | C5: 0 | D5: 0 | E5: 4 | F5: 1 | G5: 45 | H5: 1 | I5: 1 | J5: 31 | K5: 11 | L5: 0 | M5: HUGE: D&Friends Slots WINNER +25 Dia/+25 Cap; Diamond Heart 2nd +20 Dia; Meeting 3/4 +10 PDD; Deadball 9-16 +3S/+3C
A6: Tue Aug 4 | B6: Tue | C6: 0 | D6: 0 | E6: 6 | F6: 3 | G6: 10 | H6: 0 | I6: 0 | J6: 6 | K6: 3 | L6: 0 | M6: Deadball Slots 5-8 +6S/+6C; Diamond Heart 5-8 +10D; Early Gold 17-32 +3G; Struggling 9-16 +3P
A7: Wed Aug 5 | B7: Wed | C7: 0 | D7: 0 | E7: 4 | F7: 0 | G7: 1 | H7: 3 | I7: 0 | J7: 2 | K7: 0 | L7: 0 | M7: quiet - all 17-32s. Open OPENED +3 (Night of Living Deadball)
A8: Thu Aug 6 | B8: Thu | C8: 0 | D8: 0 | E8: 7 | F8: 7 | G8: 1 | H8: 0 | I8: 11 | J8: 1 | K8: 12 | L8: 0 | M8: BIG: Live Speed Run 3/4 +10L/+10P; Late Silver 9-16 +6S; Low Gold Retro 5-8 +6G; Sporer's Golden 17-32 +1G; Deadball Slots 17-32 +1S/+1C; Trying to Look Busy 17-32 +1P; Diamond Heart 33-64 +1D. Live All Night 17-32 +1L/+1P (earlier)
A9: Fri Aug 7 | B9: Fri | C9: 0 | D9: 0 | E9: 0 | F9: 16 | G9: 6 | H9: 0 | I9: 0 | J9: 6 | K9: 30 | L9: 0 | M9: BEST DAY: Nocturnal Mixed Bag WINNER +25 PDD; Low Gold Retro 3/4 +10G; Golden Heart 5-8 +6G; D&Friends Slots 9-16 +3D/+3C; Diamond Slots 9-16 +3D/+3C; Historical Primetime 9-16 +3P; Pizza for Dinner + Look Busy 17-32 +1P each. SILVER BLANKED. Live All Night 33-64 = 0. Thursday Overnight (PD Weekly) ELIMINATED - placement unknown, unscored
A10: Sat Aug 8 | B10: Sat | C10: 0 | D10: 0 | E10: 4 | F10: 1 | G10: 3 | H10: 0 | I10: 0 | J10: 0 | K10: 7 | L10: 0 | M10: Just Order Pizza 5-8 +6P; Late Silver 17-32 +3S; Diamond Heart 17-32 +3D; Slamboree 33-64 +1S; Golden Heart 17-32 +1G; Look Busy 17-32 +1P. PTCS 5 PLAYED (see PTCS-PTMS sheet)
A11: Sun Aug 9 | B11: Sun | C11: 0 | D11: 0 | E11: 13 | F11: 1 | G11: 4 | H11: 0 | I11: 0 | J11: 3 | K11: 10 | L11: 1 | M11: SILVER BREAKS OUT +13: Late Silver 5-8 (128) +10S; Silver Heart 9-16 +3S. Good Orderly Evening 3/4 +10P; Diamond Slots 9-16 +3D/+3C. FIRST PD WEEKLY POINT: Up and Down the Ladder 33-64 +1. Early Gold 33-64 +1G; Diamond Heart 17-32 +1D
A12: Mon Aug 10 | B12: Mon | C12: 0 | D12: 0 | E12: 3 | F12: 4 | G12: 0 | H12: 0 | I12: 0 | J12: 1 | K12: 10 | L12: 0 | M12: Late Silver 17-32 (128) +3S; Golden Heart 9-16 (64) +3G; Just Order Pizza D&G 3/4 (64) +10 PDD; Gold Slots 17-32 (64) +1G/+1C. ZEROS: Diamond Slots 33-64, Low Gold Retro 33-64, Low Diamond 33-64, Struggling to Sleep 33-64, Monday Gold Floor Cap 65-128 (128), Monday Wonky Historical Slots 65-128 (128). Monday Night History Lesson (PD Weekly, 256) ELIMINATED - placement unknown, unscored
A13: Tue Aug 11 | B13: Tue | C13: 0 | D13: 0 | E13: 6 | F13: 3 | G13: 2 | H13: 0 | I13: 0 | J13: 4 | K13: 7 | L13: 1 | M13: Gold Slots 9-16 (64) +3G/+3C; Late Silver 9-16 (128) +6S; Morning Mixed Bag 3/4 (32) +6 PDD; Low Diamond 17-32 (64) +1D; Diamond Slots 17-32 (64) +1D/+1C; Trying to Look Busy 17-32 (64) +1 PDD; Tuesday Evening Adrenaline Rush 65-128 (256) +1 PD WEEKLY - 2nd PDW pt of the period. ZEROS: Early Gold 65-128 (128), Laptophound 6L Power Play 65-128 (128), Diamond Heart 33-64, OOTP and Chill 33-64, D&Friends Slots 33-64, Golden Heart 33-64, Just Order Pizza 33-64, Goldfather II 33-64
A14: Wed Aug 12 | B14: Wed | C14: 0 | D14: 10 | E14: 0 | F14: 3 | G14: 1 | H14: 0 | I14: 0 | J14: 0 | K14: 10 | L14: 0 | M14: BRONZE OPENS +10: Bronze The Sequel 5-8 (128). Laptophound 5L Deadball 5-8 (128) +10 PDD; Low Gold Retrospecticus 9-16 (64) +3G; Low Diamond 17-32 (64) +1D. ZEROS: Return of the Bronze 65-128 (128), Trying to Look Busy 33-64 (64)
A15: Thu Aug 13 | B15: Thu | C15: 0 | D15: 4 | E15: 1 | F15: 3 | G15: 1 | H15: 0 | I15: 0 | J15: 2 | K15: 13 | L15: 0 | M15: Trying to Look Busy D&G 3/4 (64) +10 PDD; Just Order Pizza D&G 9-16 (64) +3 PDD; Golden Heart 9-16 (64) +3G; Bronze The Sequel 17-32 (128) +3B; Return of the Bronze 33-64 (128) +1B; Silver Slots 17-32 (64) +1S/+1C; Diamond Slots 17-32 (64) +1D/+1C. ZEROS: D&Friends Slots 33-64 (64), Silver & Friends Deadball Slots 33-64 (64), CWhit Cap Challenge 4 65-128 (128). Thursday Silver Spectacular (256) + Thursday Overnight Under the Covers (PD Weekly, 256) ELIMINATED - placement unknown, unscored
A16: Fri Aug 14 | B16: Fri | C16: 0 | D16: 0 | E16: 15 | F16: 0 | G16: 3 | H16: 0 | I16: 0 | J16: 18 | K16: 5 | L16: 1 | M16: SILVER & FRIENDS DEADBALL SLOTS 2nd PLACE (64) +15S/+15C - biggest single result of the period. Friday Draft About Nothing 65-128 (256) +1 PD WEEKLY (3rd PDW pt); Trying to Look Busy D&G 17-32 (64) +1 PDD. ZEROS: Open Slots 33-64 (64), Early Gold 65-128 (128), Low Diamond 33-64 (64), Gold Slots 33-64 (64) | LATE ADDS (2nd screenshot): Diamond Slots 9-16 (64) +3D/+3C; Laptophound 6L Power Play 17-32 (128) +3 PDD; Just Order Pizza D&G 17-32 (64) +1 PDD. Additional zeros: Late Silver 65-128 (128), Golden Heart 33-64 (64)
... A39: Sun Sep 6 | B39: Sun | C39: 0 | D39: 6 | E39: 1 | F39: 10 | G39: 0 | H39: 8 | I39: 0 | J39: 17 | K39: 19 | L39: 0 | M39: Day 35 of 35 — the last qualifying day. FINAL, amended 9/7 from the Your Tournaments screen after every Sep 6 event had settled. Confirmed already-counted from the two Sep 6 captures: Sunday High Iron Floor and Gold Ceiling 1600025 5-8 (128, Gld+Cp+TW) +10 G/+10 C; Open Slots 1410176 5-8 (64, Op+Cp) +6 OPEN/+6 C; Perfecto Morning 2520165 5-8 (64) +6 PDD; Rise and Shine 2030176 9-16 (64) +3 PDD; All-Silver 2110176 17-32 (64, PD Daily tag only despite the name) +1 PDD; zeros Gold Slots 1320176 and Struggling to Sleep - DBL 2240176 33-64 (64). NEW this pass (+19), the events still in flight at the second capture: Bronze OOTP Era 1820160 9-16 (128) +6 B; Perfectly Gold 2220177 5-8 (64) +6 PDD; Dr. Dynastic's Doc Rock Derby - HH 2160177 9-16 (64) +3 PDD; Sunday Open Slots 1610025 33-64 (128, Op+Cp+TW) +1 OPEN/+1 C; Sunday Open Main Event 1620025 65-128 (256, Op+TW) +1 OPEN; Late Silver 1240177 33-64 (128) +1 S. Day total 42 -> 61. Perfectly Silver 2550165 17-32 also appeared on this screen but is a Sep 5 event and was already logged there. Period closes at 1,271: Bronze 160, Silver 171, Gold 159, Diamond 131, Cap 221 all over the line; PD Daily 340 (7 short of 347); Open 24, Live 13, PD Weekly 52, Iron 0. Day complete.

Sheet PTCS-PTMS
A1: The Championship Ladder — PTCS → PTMS → PTWC
A2: Separate from the 10 category standings. Source: 'PT 27 Road to the Perfect Team World Championship'.
A4: POINTS EARNED FROM A PTCS FINISH (feeds PTMS + PTWC qualifying) | D4: YOUR PTCS 5 (Aug 8) — all 128-team fields
A5: Finish | B5: Points | D5: Event | E5: Finish | F5: Points | G5: Standing
A6: 1st | B6: 300 | D6: PTCS Gold - Period 5 | E6: 17th-32nd | F6: 5 | G6: Tournament
A7: 2nd | B7: 100 | D7: PTCS Daily PD - Period 5 | E7: 17th-32nd | F7: 5 | G7: Perfect Draft
A8: 3rd-4th | B8: 75 | D8: PTCS Diamond - Period 5 | E8: 33rd-64th | F8: 2 | G8: Tournament
A9: 5th-8th | B9: 40 | D9: PTCS Cap - Period 5 | E9: 65th-128th | F9: 1 | G9: Tournament
A10: 9th-16th | B10: 20 | D10: PTCS Live - Period 5 | E10: 65th-128th | F10: 1 | G10: Tournament
A11: 17th-32nd | B11: 5 | D11: PTCS 5 TOTAL | F11: =SUM(F6:F10)
A12: 33rd-64th | B12: 2
A13: 65th-128th | B13: 1
A16: CUMULATIVE PTCS STANDINGS — top 128 in each qualifies for the PTMS
A17: PTCS | B17: Date | C17: Tournament pts | D17: Perfect Draft pts | E17: Total | F17: Notes
A18: PTCS 1 | B18: Apr 11 | C18: 0 | D18: 0 | E18: 0 | F18: did not qualify
A19: PTCS 2 | B19: May 9 | C19: 0 | D19: 0 | E19: 0 | F19: did not qualify
A20: PTCS 3 | B20: Jun 6 | C20: 1 | D20: 0 | E20: 1 | F20: 1 berth (Diamond) - 65th-128th
A21: PTCS 4 | B21: Jul 11 | C21: 20 | D21: 0 | E21: 20 | F21: 1 berth (Diamond) - 9th-16th. BEST PTCS RESULT SO FAR
A22: PTCS 5 | B22: Aug 8 | C22: 9 | D22: 5 | E22: 14 | F22: 5 berths - Gold 17-32 (5), Diamond 33-64 (2), Cap + Live 65-128 (1 ea) = 9 tourney; Daily PD 17-32 = 5
A23: TOTAL | C23: =SUM(C18:C22) | D23: =SUM(D18:D22) | E23: =SUM(E18:E22) | F23: top 128 of EACH standing makes the PTMS
A25: THE TABLE IS VIOLENTLY CONVEX — BERTHS GET YOU IN, DEPTH GETS YOU POINTS
A26: PTCS 4: ONE berth, finished 9th-16th -> 20 pts
A27: PTCS 5: FIVE berths, best was 17th-32nd -> 14 pts
A28: Five times the entries produced FEWER points. The jump from 17th-32nd (5) to 9th-16th (20) is 4x;
A29: 9th-16th to 5th-8th is another 2x. A single quarterfinal (40) beats eight 17th-32nd finishes.
A30: Berths are the price of admission. Points come from depth, not breadth.
A33: WHICH WORLD CHAMPIONSHIP YOUR WORK FEEDS
A34: PTWC 1 (Aug 29-30) qualifies from: League play to Aug 23 + PT Live pts/50 + Weekly leaderboard pts to Aug 2 + PTCS 1-5 + PTMS 1-2
A35: PTWC 2 (Feb 21-22) qualifies from: League play Aug 24 on + PT Live pts/50 + Weekly leaderboard pts Aug 4-Jan 31 + PTCS 6-11 + PTMS 3-4
A37: >> PTCS 5 was the LAST input to PTWC 1. Everything you score in PTCS 6 feeds PTWC 2 instead.
A38: >> PTMS 2 (Aug 22): DID NOT QUALIFY - neither the 30-pt tournament standing nor the 5-pt PD standing made the top 128.
A39: PTCS 6-11 finishes build the PTMS 3 (Nov 21) / PTMS 4 (Feb 13) standings - that is the PTWC 2 road.
... A45: Doc inconsistency: page 1 dates PTWC 1 as Aug 29-30, page 3 says Aug 30-31.
