Workbook

Sheet Dashboard
A1: PTCS 4 Qualifying — Live Tracker (KC Torrent / RTR1776)
A2: Period Jun 1 – Jul 12 (extended). Qualify = top 128. Baseline = standings when we started logging; Earned = from Daily Log.
A4: Category | B4: Baseline | C4: Earned | D4: Total | E4: 128th (verified) | F4: Gap now | G4: Qualify est. | H4: Gap to safe | I4: Status | J4: VERDICT
A5: Diamond | B5: 361 | C5: =SUM('Daily Log'!C5:C22) -> 91 | D5: =B5+C5 -> 452 | E5: LOCKED | F5: — | G5: 114 | H5: =MAX(0,G5-D5) -> 0 | I5: =IF(D5>=G5,"QUALIFIED — climb Stars","NEED "&TEXT(H5,"0")) -> QUALIFIED — climb Stars | J5: IN — 10th (452)
A6: PDD (Draft) | B6: 264 | C6: =SUM('Daily Log'!G5:G22) -> 59 | D6: =B6+C6 -> 323 | E6: 276 | F6: =MAX(0,E6-D6) -> 0 | G6: 350 | H6: =MAX(0,G6-D6) -> 27 | I6: =IF(D6>=G6,"QUALIFIED (est)",IF(D6>=E6,"IN if ended now · +"&TEXT(H6,"0")&" to be safe","+"&TEXT(F6,"0")&" to line · +"&TEXT(H6,"0")&" for est")) -> IN if ended now · +27 to be safe | J6: IN — 323 vs 276
A7: Live | B7: 73 | C7: =SUM('Daily Log'!D5:D22) -> 45 | D7: =B7+C7 -> 118 | E7: 137 | F7: =MAX(0,E7-D7) -> 19 | G7: 174 | H7: =MAX(0,G7-D7) -> 56 | I7: =IF(D7>=G7,"QUALIFIED (est)",IF(D7>=E7,"IN if ended now · +"&TEXT(H7,"0")&" to be safe","+"&TEXT(F7,"0")&" to line · +"&TEXT(H7,"0")&" for est")) -> +19 to line · +56 for est | J7: SHORT 19 to line (118)
A8: Open | B8: 16 | C8: =SUM('Daily Log'!F5:F22) -> 15 | D8: =B8+C8 -> 31 | E8: 99 | F8: =MAX(0,E8-D8) -> 68 | G8: 126 | H8: =MAX(0,G8-D8) -> 95 | I8: =IF(D8>=G8,"QUALIFIED (est)",IF(D8>=E8,"IN if ended now · +"&TEXT(H8,"0")&" to be safe","+"&TEXT(F8,"0")&" to line · +"&TEXT(H8,"0")&" for est")) -> +68 to line · +95 for est | J8: SHORT 68 (31)
A9: Cap | B9: 44 | C9: =SUM('Daily Log'!E5:E22) -> 69 | D9: =B9+C9 -> 113 | E9: 133 | F9: =MAX(0,E9-D9) -> 20 | G9: 169 | H9: =MAX(0,G9-D9) -> 56 | I9: =IF(D9>=G9,"QUALIFIED (est)",IF(D9>=E9,"IN if ended now · +"&TEXT(H9,"0")&" to be safe","+"&TEXT(F9,"0")&" to line · +"&TEXT(H9,"0")&" for est")) -> +20 to line · +56 for est | J9: SHORT 20 to line (113)
A11: Notes
A12: • FOCUS: all five live this week — Diamond (Stars) + PDD + Open + Cap + Live. League play tracked separately (PTWC path).
A13: • Cap is double-fed: Diamond+Cap (Thu C4, Daily Diamond Cap) AND Open+Cap (Sun Open, Sat NeL, Mon Gold Floor Cap).
A14: • Totals rebuilt by scoring all 76 tournaments in the screenshots + your last-Sunday standings. Exact, not estimates.
A15: • QUALIFIED: Diamond (10th, 452) and PDD (323 vs 276 line). Live (118) and Cap (113) sit ~19-20 UNDER the last-Sunday line.
A16: • Those lines have crept up since last Sunday AND today (Jul 5) is only partial — so keep playing: Open+Live+Cap slot games + Diamond+Cap games close Live & Cap fastest.
A17: • Open (31) is far back (line 99) — not realistic today; focus the remaining hours on Live & Cap.

Sheet Daily Log
A1: PTCS 4 — Daily Results Log
A2: Enter points earned per category each day. Dashboard sums these automatically.
A4: Date | B4: Day | C4: Diamond | D4: Live | E4: Cap | F4: Open | G4: PDD (Draft) | H4: Notes
A5: Mon Jun 29 | B5: Mon | C5: 11 | D5: 3 | E5: 3 | F5: 0 | G5: 11
A6: Tue Jun 30 | B6: Tue | C6: 13 | D6: 1 | E6: 3 | F6: 0 | G6: 2
A7: Wed Jul 1 | B7: Wed | C7: 8 | D7: 3 | E7: 0 | F7: 0 | G7: 5
A8: Thu Jul 2 | B8: Thu | C8: 17 | D8: 15 | E8: 30 | F8: 15 | G8: 11 | H8: Dr Dynastic 2nd = +15 O/L/C
A9: Fri Jul 3 | B9: Fri | C9: 9 | D9: 1 | E9: 7 | F9: 0 | G9: 4
A10: Sat Jul 4 | B10: Sat | C10: 30 | D10: 10 | E10: 26 | F10: 0 | G10: 14 | H10: Dia+Cap WINNER = +25/25
A11: Sun Jul 5 | B11: Sun | C11: 3 | D11: 12 | E11: 0 | F11: 0 | G11: 12 | H11: today, partial
