Workbook

Sheet Dashboard
A1: PTCS 5 — Final Week Push
A2: Base = OFFICIAL standings thru Jul 26 (all 8 categories). Projected final cutoff = current 128th x 28/21 days. Period ends Aug 2.
A4: Category | B4: Official | C4: Rank | D4: 128th now | E4: Proj final cutoff | F4: Added | G4: Total | H4: Gap | I4: Per day (2d) | J4: Verdict
A5: Diamond | B5: 244 | C5: 11 | D5: 61 | E5: 81 | F5: =SUM('Final Week Log'!C5:C24) | G5: =B5+F5 | H5: =MAX(0,E5-G5) | I5: =ROUND(H5/2,1) | J5: =IF(G5>=E5,"CLEAR","+"&TEXT(H5,"0")&" needed")
A6: PDD (D.Daily) | B6: 356 | C6: 28 | D6: 200 | E6: 267 | F6: =SUM('Final Week Log'!H5:H24) | G6: =B6+F6 | H6: =MAX(0,E6-G6) | I6: =ROUND(H6/2,1) | J6: =IF(G6>=E6,"CLEAR","+"&TEXT(H6,"0")&" needed")
A7: Gold | B7: 119 | C7: 64 | D7: 68 | E7: 91 | F7: =SUM('Final Week Log'!F5:F24) | G7: =B7+F7 | H7: =MAX(0,E7-G7) | I7: =ROUND(H7/2,1) | J7: =IF(G7>=E7,"CLEAR","+"&TEXT(H7,"0")&" needed")
A8: Live | B8: 134 | C8: 87 | D8: 106 | E8: 141 | F8: =SUM('Final Week Log'!D5:D24) | G8: =B8+F8 | H8: =MAX(0,E8-G8) | I8: =ROUND(H8/2,1) | J8: =IF(G8>=E8,"CLEAR","+"&TEXT(H8,"0")&" needed")
A9: Cap | B9: 127 | C9: 103 | D9: 107 | E9: 143 | F9: =SUM('Final Week Log'!E5:E24) | G9: =B9+F9 | H9: =MAX(0,E9-G9) | I9: =ROUND(H9/2,1) | J9: =IF(G9>=E9,"CLEAR","+"&TEXT(H9,"0")&" needed")
A10: Silver | B10: 30 | C10: 286 | D10: 77 | E10: 103 | F10: =SUM('Final Week Log'!G5:G24) | G10: =B10+F10 | H10: =MAX(0,E10-G10) | I10: =ROUND(H10/2,1) | J10: =IF(G10>=E10,"CLEAR","+"&TEXT(H10,"0")&" needed")
A11: Open | B11: 7 | C11: 493 | D11: 77 | E11: 103 | F11: =SUM('Final Week Log'!I5:I24) | G11: =B11+F11 | H11: =MAX(0,E11-G11) | I11: =ROUND(H11/2,1) | J11: =IF(G11>=E11,"CLEAR","+"&TEXT(H11,"0")&" needed")
A12: W. Draft | B12: 6 | C12: 735 | D12: 58 | E12: 77 | F12: =SUM('Final Week Log'!J5:J24) | G12: =B12+F12 | H12: =MAX(0,E12-G12) | I12: =ROUND(H12/2,1) | J12: =IF(G12>=E12,"CLEAR","+"&TEXT(H12,"0")&" needed")
A14: Final week priorities
A15: • CLEAR already: Diamond (244 vs 81 proj — rank 11), PDD (356 vs 267 — rank 28), Gold (119 vs 91).
A16: • LIVE is the near-lock: +7 to the projected line. One Live-draft finish does it. Don't leave this one.
A17: • CAP is the live fight: +16 after Monday's big +17. Your Diamond+Cap and Open+Cap games are carrying it.
A18: • SILVER +73 and OPEN +96 in 6 days = ~12-16/day each. Reachable only if you go hard on Silver+Cap / Open+Cap games (they triple-dip).
A19: • Best EV per your 368-entry history: Diamonds are Forever 4.46, Diamond & Friends Slots 3.93 (also Cap), Daily Diamond 2.77.
A20: • You score better in 64-team fields (2.72/entry) than 128s (1.75) — prefer 64s when both are open.
A21: • Not chasing Bronze/Iron (per LJ).

Sheet Final Week Log
A1: PTCS 5 — FINAL WEEK (Jul 27 – Aug 2)
A2: Base = OFFICIAL period standings thru Jul 26. Log only new points from Jul 27.
A4: Date | B4: Day | C4: Diamond | D4: Live | E4: Cap | F4: Gold | G4: Silver | H4: PDD | I4: Open | J4: W.Draft | K4: Notes
A5: Mon Jul 27 | B5: Mon | C5: 10 | D5: 0 | E5: 17 | F5: 0 | G5: 6 | H5: 0 | I5: 7 | J5: 0 | K5: Dia Slots 3/4 +10C; Gold Floor Cap 9-16 +6 Open/Cap; Late Silver 9-16 +6
A6: Tue Jul 28 | B6: Tue | C6: 3 | D6: 1 | E6: 3 | F6: 0 | G6: 7 | H6: 0 | I6: 0 | J6: 1 | K6: Silver Heart 9-16 +3; Late Silver 17-32 +3; Slamboree +1; Dia Slots 9-16 +3C
A7: Wed Jul 29 | B7: Wed | C7: 12 | D7: 5 | E7: 0 | F7: 0 | G7: 3 | H7: 11 | I7: 0 | J7: 0 | K7: Wed Ice 17-32 +6D; Dia Heart 9-16 +6D; Speed Run 9-16 +3L/+3P; Laptophound 9-16 +6P
A8: Thu Jul 30 | B8: Thu | C8: 7 | D8: 0 | E8: 12 | F8: 0 | G8: 7 | H8: 3 | I8: 0 | J8: 0 | K8: Dia Slots 5-8 +6D/+6C; Silver&Friends 9-16 +6S/+6C; Slamboree +1S; Busy 9-16 +3P
A9: Fri Jul 31 | B9: Fri | C9: 0 | D9: 0 | E9: 3 | F9: 0 | G9: 6 | H9: 1 | I9: 0 | J9: 10 | K9: Late Silver 17-32 +3S; Friday Nightmare Cap 17-32 (128) +3S/+3C; PD Weekly 9-16 +10 WD
A10: Fri Jul 31 (pm) | B10: Fri | C10: 0 | D10: 1 | E10: 1 | F10: 0 | G10: 2 | H10: 0 | I10: 0 | J10: 0 | K10: Live Silver 33-64 (128) +1L/+1S; Silver Slots 17-32 +1S/+1C
A11: Sat Aug 1 | B11: Sat | C11: 6 | D11: 21 | E11: 4 | F11: 0 | G11: 19 | H11: 25 | I11: 0 | J11: 10 | K11: Late Silver semi 3/4 +15S; Live All Night 2nd +15L/+15P; Breakfast 5-8 +6L/+6P; Slamboree 17-32 +3S
A12: Sun Aug 2 | B12: Sun | C12: 0 | D12: 3 | E12: 3 | F12: 0 | G12: 4 | H12: 3 | I12: 0 | J12: 0 | K12: FINAL DAY - Live All Night 9-16 +3L/+3P; Slamboree Rd2 +1S; Deadball Rd3 +3S/+3C
